W,L,W_PCT,MIN,FGM,FGA,FG_PCT,FG3M,FG3A,FG3_PCT,FTM,FTA,FT_PCT,OREB,DREB,REB,AST,STL,BLK,TOV,PF,PTS
19.902439024390244,21.597560975609756,0.4878048780487805,241.21951219512195,43.36585365853659,91.8048780487805,0.4736219512195122,13.5,37.670731707317074,0.3570609756097561,17.951219512195124,23.170731707317074,0.7738170731707318,11.878048780487806,32.6219512195122,44.5,29.585365853658537,9.731707317073171,5.109756097560975,14.695121951219512,19.073170731707318,118.1829268292683
30.353658536585368,11.146341463414634,0.7439024390243902,241.82926829268294,41.6219512195122,90.02439024390245,0.46312195121951216,17.76829268292683,48.23170731707317,0.3690731707317073,15.25609756097561,19.085365853658537,0.8006951219512195,11.378048780487806,33.9390243902439,45.31707317073171,26.146341463414632,7.182926829268292,5.512195121951219,11.353658536585366,15.890243902439025,116.26829268292683
14.365853658536585,27.134146341463413,0.3170731707317073,241.21951219512195,37.63414634146341,86.09756097560975,0.4382195121951219,13.573170731707316,39.41463414634146,0.3423536585365854,16.26829268292683,20.682926829268293,0.7851585365853658,10.902439024390244,30.402439024390244,41.30487804878049,25.158536585365855,7.7926829268292686,4.2926829268292686,13.878048780487806,20.70731707317073,105.10975609756098
10.658536585365853,30.841463414634145,0.23170731707317074,240.91463414634146,38.31707317073171,89.1219512195122,0.4309512195121951,12.987804878048781,38.329268292682926,0.33720731707317075,15.475609756097562,19.76829268292683,0.7792926829268293,12.231707317073171,32.96341463414634,45.19512195121951,24.317073170731707,7.402439024390244,4.487804878048781,14.865853658536585,18.71951219512195,105.09756097560975
17.78048780487805,23.71951219512195,0.47560975609756095,240.91463414634146,43.207317073170735,92.01219512195122,0.47058536585365857,15.439024390243903,42.03658536585366,0.3684512195121951,15.951219512195122,19.71951219512195,0.8092926829268292,10.060975609756097,35.792682926829265,45.853658536585364,29.0609756097561,7.573170731707317,4.7073170731707314,13.939024390243903,17.609756097560975,117.8048780487805
34.59756097560975,6.902439024390244,0.7804878048780488,240.91463414634146,44.53658536585366,90.78048780487805,0.4914512195121951,15.890243902439025,41.47560975609756,0.384609756097561,16.975609756097562,21.865853658536587,0.7717317073170731,11.182926829268293,34.21951219512195,45.40243902439025,28.097560975609756,8.170731707317072,4.2682926829268295,12.536585365853659,18.134146341463413,121.9390243902439
21.829268292682926,19.670731707317074,0.47560975609756095,240.609756097561,41.98780487804878,87.73170731707317,0.4798170731707317,12.439024390243903,34.15853658536585,0.3624512195121951,17.78048780487805,23.097560975609756,0.7674878048780488,10.097560975609756,32.951219512195124,43.048780487804876,25.24390243902439,7.7560975609756095,5.426829268292683,13.304878048780488,17.78048780487805,114.1951219512195
25.536585365853657,15.963414634146341,0.6097560975609756,242.1341463414634,45.41463414634146,89.7560975609756,0.5072926829268293,12.0,31.9390243902439,0.37659756097560976,17.926829268292682,23.28048780487805,0.7713780487804878,11.207317073170731,34.53658536585366,45.74390243902439,31.0,8.0,4.902439024390244,13.548780487804878,17.609756097560975,120.7560975609756
21.317073170731707,20.182926829268293,0.5365853658536586,241.52439024390245,42.71951219512195,89.79268292682927,0.4771341463414634,12.817073170731707,35.3780487804878,0.36242682926829267,17.24390243902439,22.26829268292683,0.7693170731707317,11.353658536585366,33.40243902439025,44.75609756097561,26.402439024390244,7.951219512195122,5.2560975609756095,14.085365853658537,20.670731707317074,115.5
23.21951219512195,18.28048780487805,0.5853658536585366,240.609756097561,40.75609756097561,90.39024390243902,0.45158536585365855,15.414634146341463,42.3780487804878,0.36304878048780487,16.865853658536587,22.085365853658537,0.7576341463414634,12.548780487804878,32.829268292682926,45.3780487804878,29.097560975609756,9.402439024390244,4.7682926829268295,13.195121951219512,19.158536585365855,113.79268292682927
26.804878048780488,14.695121951219512,0.6341463414634146,241.21951219512195,42.48780487804878,93.40243902439025,0.4551219512195122,12.658536585365853,35.829268292682926,0.3525365853658537,16.658536585365855,22.573170731707318,0.7403170731707317,14.634146341463415,33.829268292682926,48.46341463414634,23.341463414634145,8.402439024390244,5.012195121951219,13.036585365853659,18.98780487804878,114.29268292682927
22.890243902439025,18.609756097560975,0.6097560975609756,242.1341463414634,43.58536585365854,89.34146341463415,0.48841463414634145,13.182926829268293,35.78048780487805,0.3668170731707317,17.01219512195122,21.5609756097561,0.790158536585366,9.170731707317072,32.65853658536585,41.829268292682926,29.24390243902439,8.463414634146341,5.463414634146342,12.207317073170731,18.695121951219512,117.36585365853658
23.4390243902439,18.0609756097561,0.6097560975609756,241.52439024390245,41.573170731707314,86.28048780487805,0.48309756097560974,12.463414634146341,33.390243902439025,0.37726829268292683,17.26829268292683,21.658536585365855,0.7958414634146341,10.25609756097561,33.53658536585366,43.792682926829265,25.170731707317074,9.426829268292684,4.512195121951219,13.817073170731707,18.329268292682926,112.8780487804878
25.146341463414632,16.353658536585368,0.6097560975609756,240.609756097561,40.926829268292686,85.45121951219512,0.47967073170731706,13.317073170731707,36.353658536585364,0.36478048780487804,18.21951219512195,23.195121951219512,0.7882560975609756,9.658536585365853,32.76829268292683,42.426829268292686,25.98780487804878,7.719512195121951,4.475609756097561,13.121951219512194,17.25609756097561,113.39024390243902
26.146341463414632,15.353658536585366,0.5853658536585366,240.3048780487805,44.75609756097561,93.34146341463415,0.4797439024390244,13.914634146341463,37.8780487804878,0.3659268292682927,18.28048780487805,23.26829268292683,0.7888902439024389,12.878048780487806,34.3780487804878,47.25609756097561,28.414634146341463,8.853658536585366,5.634146341463414,14.963414634146341,20.865853658536587,121.70731707317073
19.695121951219512,21.804878048780488,0.45121951219512196,243.0487804878049,40.46341463414634,87.04878048780488,0.4658780487804878,13.707317073170731,37.31707317073171,0.37034146341463414,15.963414634146341,20.170731707317074,0.7962926829268293,9.731707317073171,33.65853658536585,43.390243902439025,26.414634146341463,8.146341463414634,3.8292682926829267,12.634146341463415,15.548780487804878,110.59756097560975
22.829268292682926,18.670731707317074,0.5853658536585366,240.91463414634146,42.01219512195122,86.36585365853658,0.488609756097561,14.158536585365853,36.6219512195122,0.387780487804878,17.329268292682926,23.109756097560975,0.7462073170731708,8.21951219512195,35.146341463414636,43.36585365853659,25.48780487804878,7.329268292682927,4.682926829268292,12.78048780487805,17.914634146341463,115.51219512195122
22.890243902439025,18.609756097560975,0.5975609756097561,241.82926829268294,41.02439024390244,87.58536585365853,0.4699146341463415,15.036585365853659,39.86585365853659,0.3770609756097561,17.20731707317073,21.817073170731707,0.7896585365853658,11.073170731707316,33.24390243902439,44.31707317073171,26.121951219512194,7.975609756097561,4.951219512195122,13.74390243902439,18.26829268292683,114.29268292682927
10.292682926829269,31.20731707317073,0.25609756097560976,240.91463414634146,40.63414634146341,89.85365853658537,0.4524634146341463,12.024390243902438,34.6219512195122,0.34485365853658534,16.536585365853657,21.9390243902439,0.7516829268292683,12.109756097560975,31.5,43.609756097560975,25.841463414634145,8.548780487804878,5.2317073170731705,13.939024390243903,18.28048780487805,109.82926829268293
26.475609756097562,15.024390243902438,0.6219512195121951,242.4390243902439,43.329268292682926,89.20731707317073,0.4866707317073171,12.573170731707316,34.073170731707314,0.36623170731707316,16.548780487804876,20.682926829268293,0.8012926829268293,10.853658536585366,31.79268292682927,42.646341463414636,27.48780487804878,8.182926829268293,3.951219512195122,12.182926829268293,17.158536585365855,115.78048780487805
34.21951219512195,7.280487804878049,0.8292682926829268,240.3048780487805,44.63414634146341,92.6829268292683,0.48207317073170736,14.536585365853659,38.829268292682926,0.37364634146341463,16.695121951219512,20.390243902439025,0.8190487804878049,10.621951219512194,34.15853658536585,44.78048780487805,26.853658536585368,10.329268292682928,5.670731707317073,11.024390243902438,19.890243902439025,120.5
21.121951219512194,20.378048780487806,0.5,240.609756097561,38.170731707317074,85.78048780487805,0.44582926829268293,11.231707317073171,35.26829268292683,0.316609756097561,17.853658536585368,23.048780487804876,0.7772317073170731,11.146341463414634,30.695121951219512,41.84146341463415,23.01219512195122,8.890243902439025,5.951219512195122,13.085365853658537,20.097560975609756,105.42682926829268
14.121951219512194,27.378048780487806,0.2926829268292683,241.52439024390245,39.68292682926829,87.41463414634147,0.45487804878048776,12.695121951219512,37.19512195121951,0.340780487804878,17.548780487804876,22.48780487804878,0.7825731707317074,10.390243902439025,29.402439024390244,39.792682926829265,23.182926829268293,9.170731707317072,4.463414634146342,12.841463414634147,18.975609756097562,109.60975609756098
20.390243902439025,21.109756097560975,0.43902439024390244,241.82926829268294,41.23170731707317,86.28048780487805,0.4787073170731707,14.341463414634147,37.951219512195124,0.3771707317073171,16.817073170731707,20.75609756097561,0.8089024390243902,9.548780487804878,32.9390243902439,42.48780487804878,27.76829268292683,7.2317073170731705,4.780487804878049,13.24390243902439,17.9390243902439,113.6219512195122
16.817073170731707,24.682926829268293,0.43902439024390244,241.21951219512195,40.548780487804876,90.1951219512195,0.45168292682926825,12.890243902439025,37.74390243902439,0.34270731707317076,16.902439024390244,22.195121951219512,0.7595243902439024,13.353658536585366,31.414634146341463,44.76829268292683,23.804878048780488,8.268292682926829,5.280487804878049,15.121951219512194,19.0,110.89024390243902
20.597560975609756,20.902439024390244,0.4878048780487805,242.4390243902439,43.03658536585366,90.0609756097561,0.47906097560975613,12.585365853658537,35.207317073170735,0.35593902439024394,17.073170731707318,21.195121951219512,0.8071951219512195,10.987804878048781,33.207317073170735,44.19512195121951,26.451219512195124,7.560975609756097,4.353658536585366,12.634146341463415,18.878048780487806,115.73170731707317
18.524390243902438,22.975609756097562,0.4146341463414634,240.609756097561,41.78048780487805,89.78048780487805,0.4661219512195122,14.121951219512194,39.58536585365854,0.35741463414634145,16.24390243902439,20.98780487804878,0.7754756097560975,10.926829268292684,32.74390243902439,43.670731707317074,28.634146341463413,8.21951219512195,5.548780487804878,13.25609756097561,16.621951219512194,113.92682926829268
12.817073170731707,28.682926829268293,0.36585365853658536,241.52439024390245,41.63414634146341,91.0,0.45969512195121953,11.817073170731707,33.97560975609756,0.349780487804878,15.78048780487805,21.085365853658537,0.7440731707317073,12.609756097560975,32.51219512195122,45.1219512195122,28.536585365853657,8.097560975609756,4.2439024390243905,14.682926829268293,21.195121951219512,110.86585365853658
9.439024390243903,32.0609756097561,0.2073170731707317,241.52439024390245,40.30487804878049,88.6829268292683,0.45614634146341465,13.951219512195122,39.84146341463415,0.35289024390243906,17.329268292682926,22.390243902439025,0.7746341463414634,11.987804878048781,33.426829268292686,45.41463414634146,25.524390243902438,6.7682926829268295,4.390243902439025,16.463414634146343,18.890243902439025,111.89024390243902
7.7439024390243905,33.75609756097561,0.21951219512195122,240.609756097561,39.426829268292686,89.89024390243902,0.439109756097561,13.109756097560975,39.146341463414636,0.3329756097560975,16.036585365853657,20.609756097560975,0.7712682926829268,10.573170731707316,33.1219512195122,43.69512195121951,25.097560975609756,7.597560975609756,5.121951219512195,14.914634146341463,19.73170731707317,108.0
